{
  "model": "checkpoint-300",
  "total_prompts": 12077,
  "refused_count": 4408,
  "accepted_count": 7669,
  "refusal_rate": 36.49913057878612,
  "acceptance_rate": 63.50086942121388,
  "safe_prompts_count": 10823,
  "unsafe_prompts_count": 1254,
  "safe_prompts_refused": 3215,
  "unsafe_prompts_refused": 1193,
  "safe_refusal_rate": 29.70525732236903,
  "unsafe_refusal_rate": 95.13556618819776
}