{
  "model_name": "allam",
  "n_layers": 32,
  "exp5_best_layer": 23,
  "calibration_argmax_layer": 20,
  "layer_aucs": {
    "0": 0.9450836181640625,
    "1": 0.9663848876953125,
    "2": 0.9785308837890625,
    "3": 0.971282958984375,
    "4": 0.9753875732421875,
    "5": 0.9745635986328125,
    "6": 0.9756927490234375,
    "7": 0.981292724609375,
    "8": 0.9884033203125,
    "9": 0.9881744384765625,
    "10": 0.9883880615234375,
    "11": 0.9857177734375,
    "12": 0.984527587890625,
    "13": 0.984954833984375,
    "14": 0.987640380859375,
    "15": 0.9860382080078125,
    "16": 0.993316650390625,
    "17": 0.99761962890625,
    "18": 0.9987030029296875,
    "19": 0.999267578125,
    "20": 0.9994659423828125,
    "21": 0.9990692138671875,
    "22": 0.9986419677734375,
    "23": 0.9970550537109375,
    "24": 0.99334716796875,
    "25": 0.990875244140625,
    "26": 0.991302490234375,
    "27": 0.989990234375,
    "28": 0.989990234375,
    "29": 0.9910888671875,
    "30": 0.9912567138671875,
    "31": 0.99267578125
  }
}