{
  "model": "Fanar-1-9B__90-10__checkpoint-40",
  "total_prompts": 12077,
  "refused_count": 1996,
  "accepted_count": 10081,
  "refusal_rate": 16.527283265711684,
  "acceptance_rate": 83.47271673428833,
  "parse_failure_count": 0,
  "parse_failure_rate": 0.0,
  "safe_prompts_count": 10823,
  "unsafe_prompts_count": 1254,
  "safe_prompts_refused": 1222,
  "unsafe_prompts_refused": 774,
  "safe_refusal_rate": 11.290769657211493,
  "unsafe_refusal_rate": 61.72248803827751
}