{
  "model": "Fanar-1-9B__90-10__checkpoint-15",
  "total_prompts": 12077,
  "refused_count": 2329,
  "accepted_count": 9748,
  "refusal_rate": 19.284590544009276,
  "acceptance_rate": 80.71540945599072,
  "parse_failure_count": 0,
  "parse_failure_rate": 0.0,
  "safe_prompts_count": 10823,
  "unsafe_prompts_count": 1254,
  "safe_prompts_refused": 1458,
  "unsafe_prompts_refused": 871,
  "safe_refusal_rate": 13.471311096738429,
  "unsafe_refusal_rate": 69.45773524720893
}