{
  "model": "Qwen2.5-3B-Instruct__90-10__checkpoint-10",
  "total_prompts": 12077,
  "refused_count": 1990,
  "accepted_count": 10087,
  "refusal_rate": 16.477602053490106,
  "acceptance_rate": 83.5223979465099,
  "parse_failure_count": 0,
  "parse_failure_rate": 0.0,
  "safe_prompts_count": 10823,
  "unsafe_prompts_count": 1254,
  "safe_prompts_refused": 1112,
  "unsafe_prompts_refused": 878,
  "safe_refusal_rate": 10.274415596415041,
  "unsafe_refusal_rate": 70.01594896331738
}