{
  "model_name": "Qwen2.5-3B-Instruct",
  "n_layers": 36,
  "exp5_best_layer": 23,
  "calibration_argmax_layer": 20,
  "layer_aucs": {
    "0": 0.97882080078125,
    "1": 0.9810791015625,
    "2": 0.9809112548828125,
    "3": 0.96875,
    "4": 0.9699554443359375,
    "5": 0.969482421875,
    "6": 0.9636383056640625,
    "7": 0.9589385986328125,
    "8": 0.976837158203125,
    "9": 0.973541259765625,
    "10": 0.971038818359375,
    "11": 0.9742889404296875,
    "12": 0.9848480224609375,
    "13": 0.9843292236328125,
    "14": 0.98455810546875,
    "15": 0.9841156005859375,
    "16": 0.9864349365234375,
    "17": 0.9857177734375,
    "18": 0.9961395263671875,
    "19": 0.9956817626953125,
    "20": 0.9985809326171875,
    "21": 0.9984283447265625,
    "22": 0.9984283447265625,
    "23": 0.9984283447265625,
    "24": 0.996185302734375,
    "25": 0.993011474609375,
    "26": 0.9895172119140625,
    "27": 0.990234375,
    "28": 0.99072265625,
    "29": 0.98638916015625,
    "30": 0.983551025390625,
    "31": 0.98455810546875,
    "32": 0.975006103515625,
    "33": 0.97613525390625,
    "34": 0.9770965576171875,
    "35": 0.9778900146484375
  }
}