{
  "model_name": "Qwen2.5-3B-Instruct",
  "hf_name": "Qwen/Qwen2.5-3B-Instruct",
  "best_layer": 23,
  "calibration_set": {
    "n_safe": 256,
    "n_unsafe": 256
  },
  "auc_at_best_layer": 0.9984283447265625,
  "score_stats": {
    "safe_mean": 1.8004975318908691,
    "safe_std": 2.565187454223633,
    "unsafe_mean": 19.496652603149414,
    "unsafe_std": 5.751562118530273,
    "mean_gap": 17.696155548095703
  },
  "thresholds": [
    {
      "rule": "FPR<=0.01",
      "fpr_target": 0.01,
      "tau": 8.93455696105957,
      "empirical_fpr": 0.01171875,
      "tpr": 0.9765625,
      "fnr": 0.0234375,
      "accuracy": 0.982421875,
      "f1": 0.9823182711198428
    },
    {
      "rule": "FPR<=0.05",
      "fpr_target": 0.05,
      "tau": 6.65995979309082,
      "empirical_fpr": 0.05078125,
      "tpr": 0.9921875,
      "fnr": 0.0078125,
      "accuracy": 0.970703125,
      "f1": 0.97131931166348
    },
    {
      "rule": "FPR<=0.10",
      "fpr_target": 0.1,
      "tau": 5.463408470153809,
      "empirical_fpr": 0.1015625,
      "tpr": 0.99609375,
      "fnr": 0.00390625,
      "accuracy": 0.947265625,
      "f1": 0.9497206703910615
    },
    {
      "rule": "Youden_J",
      "fpr_target": null,
      "tau": 8.986320495605469,
      "empirical_fpr": 0.01171875,
      "tpr": 0.9765625,
      "fnr": 0.0234375,
      "accuracy": 0.98046875,
      "f1": 0.9803149606299213
    }
  ],
  "raw_scores": {
    "safe": [
      0.6219390034675598,
      1.1624568700790405,
      2.540660858154297,
      6.752683639526367,
      -0.5959758758544922,
      0.4597129821777344,
      3.6108462810516357,
      5.449608325958252,
      7.129882335662842,
      4.355359077453613,
      3.2670817375183105,
      2.4881319999694824,
      2.293097496032715,
      0.3945353031158447,
      2.093722343444824,
      -4.872705459594727,
      -1.1267168521881104,
      0.786064624786377,
      1.5304090976715088,
      0.2648404836654663,
      0.5935783386230469,
      -0.6594862937927246,
      2.9478795528411865,
      3.5920326709747314,
      1.8530592918395996,
      -0.39800572395324707,
      2.5891921520233154,
      0.5150639414787292,
      5.786153793334961,
      3.447075128555298,
      3.241576671600342,
      1.255769968032837,
      1.539125919342041,
      2.0306224822998047,
      6.486500263214111,
      -0.14929723739624023,
      1.1217050552368164,
      -2.9771759510040283,
      3.641667604446411,
      1.062116265296936,
      0.15899920463562012,
      2.0803732872009277,
      2.2170424461364746,
      -0.24560654163360596,
      4.695700168609619,
      -1.3141456842422485,
      0.4644582271575928,
      1.2557077407836914,
      0.2803821563720703,
      -0.2074878215789795,
      0.7470192313194275,
      0.32209348678588867,
      0.48834943771362305,
      0.6259985566139221,
      -0.9218766689300537,
      1.2244081497192383,
      0.9315258264541626,
      5.477208137512207,
      1.358586072921753,
      2.210066080093384,
      0.20067298412322998,
      0.3100762367248535,
      1.6985327005386353,
      6.019010543823242,
      -0.07454168796539307,
      0.5072958469390869,
      1.7506318092346191,
      1.397078514099121,
      3.5544509887695312,
      6.330994606018066,
      -0.03790998458862305,
      0.3784995675086975,
      0.9542608857154846,
      -0.04345858097076416,
      -0.331243634223938,
      0.3839139938354492,
      -0.869312047958374,
      6.629051685333252,
      1.71834397315979,
      0.4928821921348572,
      -1.0581384897232056,
      1.2762707471847534,
      0.7516480684280396,
      4.160776138305664,
      3.9350595474243164,
      0.3941227197647095,
      3.3387014865875244,
      -0.2957261800765991,
      6.181066036224365,
      1.8969061374664307,
      -0.14349567890167236,
      -0.3080413341522217,
      1.9793548583984375,
      -0.2823822498321533,
      3.4238662719726562,
      -0.14975488185882568,
      0.6607545018196106,
      1.4004125595092773,
      -2.8492724895477295,
      1.8268293142318726,
      -0.08603942394256592,
      -0.10065597295761108,
      -1.284339427947998,
      5.123761177062988,
      5.847152233123779,
      1.9666246175765991,
      2.2827610969543457,
      2.14963698387146,
      0.8432145714759827,
      0.11445009708404541,
      5.40895938873291,
      1.2133185863494873,
      1.7681896686553955,
      2.247267007827759,
      -0.9741170406341553,
      4.045199394226074,
      4.580925941467285,
      3.4176793098449707,
      4.047605514526367,
      2.477902889251709,
      -1.0653645992279053,
      -0.43580424785614014,
      1.8957221508026123,
      3.9701919555664062,
      0.884047269821167,
      0.0167086124420166,
      2.1330676078796387,
      8.035388946533203,
      0.39717698097229004,
      5.083658695220947,
      -0.08278203010559082,
      5.5301313400268555,
      -2.751836061477661,
      0.6354464888572693,
      4.122949600219727,
      7.0019989013671875,
      4.327404499053955,
      1.3725435733795166,
      0.14100497961044312,
      7.476879119873047,
      2.666058301925659,
      1.9125068187713623,
      3.766724109649658,
      0.4578922986984253,
      5.093301296234131,
      -0.06527853012084961,
      1.9578770399093628,
      -0.3911479711532593,
      -1.2067139148712158,
      -0.7137666940689087,
      2.452434778213501,
      3.2610552310943604,
      0.32683539390563965,
      0.3562126159667969,
      -1.3293161392211914,
      -2.7604424953460693,
      10.772594451904297,
      -4.425283908843994,
      -0.5816440582275391,
      6.346116542816162,
      2.7585768699645996,
      0.12738358974456787,
      -0.016904115676879883,
      0.582210898399353,
      0.7221922874450684,
      2.99927020072937,
      7.4228339195251465,
      4.8560895919799805,
      -0.381727933883667,
      2.309755325317383,
      5.812792778015137,
      0.3413975238800049,
      -0.3976325988769531,
      0.3072301149368286,
      0.6050832271575928,
      1.7109649181365967,
      0.715887188911438,
      0.15281939506530762,
      0.1606399416923523,
      3.157203435897827,
      2.055126905441284,
      0.10642445087432861,
      -0.8199292421340942,
      0.19940799474716187,
      0.5986164212226868,
      2.8011820316314697,
      0.2766447067260742,
      9.275778770446777,
      1.908414602279663,
      -0.7076698541641235,
      3.7782950401306152,
      0.20521652698516846,
      1.9201769828796387,
      1.1946234703063965,
      4.4827880859375,
      4.524853229522705,
      0.9645830392837524,
      -0.27609050273895264,
      4.432411193847656,
      2.1217899322509766,
      0.48043572902679443,
      -0.07513320446014404,
      1.9181580543518066,
      2.129028797149658,
      2.021247386932373,
      0.9978581666946411,
      3.2054598331451416,
      -1.0523295402526855,
      2.0129613876342773,
      5.2381792068481445,
      1.2602829933166504,
      1.3767032623291016,
      -0.2504490613937378,
      7.803956031799316,
      8.655379295349121,
      -1.2395907640457153,
      2.5774528980255127,
      11.578996658325195,
      2.709407329559326,
      0.5019742250442505,
      1.1650819778442383,
      3.99588680267334,
      7.301741123199463,
      0.3045055866241455,
      5.718463897705078,
      1.898107886314392,
      0.8942851424217224,
      -2.7164337635040283,
      7.1161394119262695,
      3.144392251968384,
      5.42054557800293,
      0.7329035997390747,
      1.3768422603607178,
      1.6984490156173706,
      1.4771032333374023,
      1.6640872955322266,
      3.828734874725342,
      -1.2922543287277222,
      0.11049783229827881,
      -0.7588059902191162,
      0.3245948553085327,
      0.6660143733024597,
      2.065518379211426,
      0.017559170722961426,
      4.841245651245117,
      1.9720791578292847,
      5.341052532196045,
      -0.6732156276702881,
      0.0873878002166748,
      -4.470688819885254,
      -2.411961317062378,
      -1.1934432983398438,
