{
  "model": "final-model",
  "total_prompts": 12077,
  "refused_count": 5251,
  "accepted_count": 6826,
  "refusal_rate": 43.479340895917865,
  "acceptance_rate": 56.520659104082135,
  "safe_prompts_count": 10823,
  "unsafe_prompts_count": 1254,
  "safe_prompts_refused": 4042,
  "unsafe_prompts_refused": 1209,
  "safe_refusal_rate": 37.34639194308417,
  "unsafe_refusal_rate": 96.41148325358851
}