{
  "model": "checkpoint-313",
  "total_prompts": 12077,
  "refused_count": 5059,
  "accepted_count": 7018,
  "refusal_rate": 41.889542104827356,
  "acceptance_rate": 58.110457895172644,
  "safe_prompts_count": 10823,
  "unsafe_prompts_count": 1254,
  "safe_prompts_refused": 3853,
  "unsafe_prompts_refused": 1206,
  "safe_refusal_rate": 35.60011087498845,
  "unsafe_refusal_rate": 96.17224880382776
}