{
  "model": "checkpoint-313",
  "total_prompts": 12077,
  "refused_count": 12059,
  "accepted_count": 18,
  "refusal_rate": 99.85095636333526,
  "acceptance_rate": 0.1490436366647346,
  "safe_prompts_count": 10823,
  "unsafe_prompts_count": 1254,
  "safe_prompts_refused": 10805,
  "unsafe_prompts_refused": 1254,
  "safe_refusal_rate": 99.83368751732422,
  "unsafe_refusal_rate": 100.0
}