{
  "model_name": "Meta-Llama-3-8B-Instruct",
  "n_layers": 32,
  "exp5_best_layer": 14,
  "calibration_argmax_layer": 13,
  "layer_aucs": {
    "0": 0.89971923828125,
    "1": 0.941925048828125,
    "2": 0.9416351318359375,
    "3": 0.951385498046875,
    "4": 0.9547882080078125,
    "5": 0.959228515625,
    "6": 0.9689178466796875,
    "7": 0.9777679443359375,
    "8": 0.9879608154296875,
    "9": 0.98590087890625,
    "10": 0.995330810546875,
    "11": 0.9966278076171875,
    "12": 0.99853515625,
    "13": 0.9993133544921875,
    "14": 0.999176025390625,
    "15": 0.9988555908203125,
    "16": 0.9985504150390625,
    "17": 0.998504638671875,
    "18": 0.99835205078125,
    "19": 0.9980010986328125,
    "20": 0.9971160888671875,
    "21": 0.995635986328125,
    "22": 0.9911956787109375,
    "23": 0.9899444580078125,
    "24": 0.9890899658203125,
    "25": 0.987640380859375,
    "26": 0.9869384765625,
    "27": 0.9861907958984375,
    "28": 0.9873199462890625,
    "29": 0.9903106689453125,
    "30": 0.9919891357421875,
    "31": 0.991607666015625
  }
}