{
  "model": "checkpoint-150",
  "total_prompts": 12077,
  "refused_count": 3262,
  "accepted_count": 8815,
  "refusal_rate": 27.010019044464684,
  "acceptance_rate": 72.98998095553532,
  "safe_prompts_count": 10823,
  "unsafe_prompts_count": 1254,
  "safe_prompts_refused": 2109,
  "unsafe_prompts_refused": 1153,
  "safe_refusal_rate": 19.48627922017925,
  "unsafe_refusal_rate": 91.94577352472089
}