{
  "model": "checkpoint-300",
  "total_prompts": 12077,
  "refused_count": 5149,
  "accepted_count": 6928,
  "refusal_rate": 42.63476028815103,
  "acceptance_rate": 57.36523971184897,
  "safe_prompts_count": 10823,
  "unsafe_prompts_count": 1254,
  "safe_prompts_refused": 3942,
  "unsafe_prompts_refused": 1207,
  "safe_refusal_rate": 36.42243370599649,
  "unsafe_refusal_rate": 96.25199362041468
}