{
  "model": "checkpoint-300",
  "total_prompts": 12077,
  "refused_count": 12058,
  "accepted_count": 19,
  "refusal_rate": 99.84267616129834,
  "acceptance_rate": 0.1573238387016643,
  "safe_prompts_count": 10823,
  "unsafe_prompts_count": 1254,
  "safe_prompts_refused": 10804,
  "unsafe_prompts_refused": 1254,
  "safe_refusal_rate": 99.82444793495334,
  "unsafe_refusal_rate": 100.0
}