{
  "model": "checkpoint-200",
  "total_prompts": 12077,
  "refused_count": 5533,
  "accepted_count": 6544,
  "refusal_rate": 45.81435787033203,
  "acceptance_rate": 54.18564212966797,
  "safe_prompts_count": 10823,
  "unsafe_prompts_count": 1254,
  "safe_prompts_refused": 4308,
  "unsafe_prompts_refused": 1225,
  "safe_refusal_rate": 39.804120853737416,
  "unsafe_refusal_rate": 97.68740031897927
}