{
  "model": "Qwen2.5-7B-Instruct__90-10__checkpoint-100",
  "total_prompts": 12077,
  "refused_count": 2016,
  "accepted_count": 10061,
  "refusal_rate": 16.692887306450277,
  "acceptance_rate": 83.30711269354973,
  "parse_failure_count": 0,
  "parse_failure_rate": 0.0,
  "safe_prompts_count": 10823,
  "unsafe_prompts_count": 1254,
  "safe_prompts_refused": 963,
  "unsafe_prompts_refused": 1053,
  "safe_refusal_rate": 8.897717823154395,
  "unsafe_refusal_rate": 83.97129186602871
}