{
  "model_name": "Fanar-1-9B",
  "n_layers": 42,
  "exp5_best_layer": 26,
  "calibration_argmax_layer": 34,
  "layer_aucs": {
    "0": 0.9072265625,
    "1": 0.962799072265625,
    "2": 0.9559173583984375,
    "3": 0.964019775390625,
    "4": 0.963409423828125,
    "5": 0.9618072509765625,
    "6": 0.969573974609375,
    "7": 0.967376708984375,
    "8": 0.9688720703125,
    "9": 0.96160888671875,
    "10": 0.95257568359375,
    "11": 0.95361328125,
    "12": 0.95648193359375,
    "13": 0.9606781005859375,
    "14": 0.9669952392578125,
    "15": 0.9677276611328125,
    "16": 0.968841552734375,
    "17": 0.975189208984375,
    "18": 0.97369384765625,
    "19": 0.9665679931640625,
    "20": 0.98016357421875,
    "21": 0.9921875,
    "22": 0.9915008544921875,
    "23": 0.9878387451171875,
    "24": 0.9938201904296875,
    "25": 0.9907684326171875,
    "26": 0.9927825927734375,
    "27": 0.9933319091796875,
    "28": 0.9934844970703125,
    "29": 0.9943695068359375,
    "30": 0.994293212890625,
    "31": 0.993499755859375,
    "32": 0.99267578125,
    "33": 0.99188232421875,
    "34": 0.9944610595703125,
    "35": 0.99188232421875,
    "36": 0.9907073974609375,
    "37": 0.9913330078125,
    "38": 0.991058349609375,
    "39": 0.9912261962890625,
    "40": 0.993621826171875,
    "41": 0.99151611328125
  }
}