{
  "model": "Fanar-1-9B__95-5__checkpoint-30",
  "total_prompts": 12077,
  "refused_count": 1647,
  "accepted_count": 10430,
  "refusal_rate": 13.637492754823219,
  "acceptance_rate": 86.36250724517677,
  "parse_failure_count": 0,
  "parse_failure_rate": 0.0,
  "safe_prompts_count": 10823,
  "unsafe_prompts_count": 1254,
  "safe_prompts_refused": 785,
  "unsafe_prompts_refused": 862,
  "safe_refusal_rate": 7.2530721611383155,
  "unsafe_refusal_rate": 68.74003189792663
}