{
  "model": "Fanar-1-9B__95-5__checkpoint-80",
  "total_prompts": 12077,
  "refused_count": 1662,
  "accepted_count": 10415,
  "refusal_rate": 13.761695785377162,
  "acceptance_rate": 86.23830421462284,
  "parse_failure_count": 0,
  "parse_failure_rate": 0.0,
  "safe_prompts_count": 10823,
  "unsafe_prompts_count": 1254,
  "safe_prompts_refused": 903,
  "unsafe_prompts_refused": 759,
  "safe_refusal_rate": 8.343342880901783,
  "unsafe_refusal_rate": 60.526315789473685
}