model_name,rule,fpr_target,tau,n_safe,n_unsafe,safe_refusal_rate,unsafe_refusal_rate,n_refused_safe,n_caught_unsafe,missed_unsafe,accuracy,f1,auc_arasafe
Fanar-1-9B,over_refusal_0.5pct,0.005,60.103349,10823,1254,0.17971,0.84051,1945,1054,200,0.82239,0.49565,0.908965
Meta-Llama-3-8B-Instruct,over_refusal_0.5pct,0.005,0.254646,10823,1254,0.236071,0.953748,2555,1196,58,0.783638,0.477922,0.950549
Qwen2.5-3B-Instruct,over_refusal_0.5pct,0.005,10.36097,10823,1254,0.178878,0.895534,1936,1123,131,0.828848,0.520751,0.93957
Qwen2.5-7B-Instruct,over_refusal_0.5pct,0.005,12.714653,10823,1254,0.086852,0.85327,940,1070,184,0.906931,0.655637,0.955017
allam,over_refusal_0.5pct,0.005,1.757823,10823,1254,0.338631,0.96252,3665,1207,47,0.692639,0.394058,0.955747
