model_name,rule,fpr_target,tau,n_safe,n_unsafe,safe_refusal_rate,unsafe_refusal_rate,n_refused_safe,n_caught_unsafe,missed_unsafe,accuracy,f1,auc_arasafe
Fanar-1-9B,over_refusal_0.2pct,0.002,61.294374,10823,1254,0.168715,0.826156,1826,1036,218,0.830753,0.503401,0.908965
Meta-Llama-3-8B-Instruct,over_refusal_0.2pct,0.002,0.343745,10823,1254,0.206967,0.944179,2240,1184,70,0.808727,0.506199,0.950549
Qwen2.5-3B-Instruct,over_refusal_0.2pct,0.002,11.167732,10823,1254,0.147094,0.876396,1592,1099,155,0.855345,0.557161,0.93957
Qwen2.5-7B-Instruct,over_refusal_0.2pct,0.002,13.918773,10823,1254,0.070683,0.838118,765,1051,203,0.919848,0.684691,0.955017
allam,over_refusal_0.2pct,0.002,2.065916,10823,1254,0.293264,0.953748,3174,1196,58,0.732384,0.42532,0.955747
