model_name,rule,tau,n_safe,n_unsafe,safe_refusal_rate,unsafe_refusal_rate,n_refused_safe,n_caught_unsafe,missed_unsafe,accuracy,f1,auc_arasafe
Fanar-1-9B,FPR<=0.01,57.391991,10823,1254,0.205396,0.866826,2223,1087,167,0.802103,0.476337,0.908965
Meta-Llama-3-8B-Instruct,FPR<=0.01,0.184492,10823,1254,0.26342,0.95933,2851,1203,51,0.759709,0.453278,0.950549
Qwen2.5-3B-Instruct,FPR<=0.01,8.934557,10823,1254,0.24799,0.931419,2684,1168,86,0.770638,0.457501,0.93957
Qwen2.5-7B-Instruct,FPR<=0.01,12.083988,10823,1254,0.094336,0.862041,1021,1081,173,0.901134,0.644219,0.955017
allam,FPR<=0.01,1.715692,10823,1254,0.346115,0.964912,3746,1210,44,0.68618,0.389694,0.955747
