model_name,rule,tau,n_safe,n_unsafe,safe_refusal_rate,unsafe_refusal_rate,n_refused_safe,n_caught_unsafe,missed_unsafe,accuracy,f1,auc_arasafe
Fanar-1-9B,Youden_J,33.810661,10823,1254,0.498198,0.957735,5392,1201,53,0.549143,0.306104,0.908965
Meta-Llama-3-8B-Instruct,Youden_J,0.13768,10823,1254,0.281068,0.96252,3042,1207,47,0.744225,0.43867,0.950549
Qwen2.5-3B-Instruct,Youden_J,8.98632,10823,1254,0.245126,0.931419,2653,1168,86,0.773205,0.460296,0.93957
Qwen2.5-7B-Instruct,Youden_J,13.750776,10823,1254,0.07327,0.838915,793,1052,202,0.917612,0.678929,0.955017
allam,Youden_J,1.830813,10823,1254,0.327451,0.960128,3544,1204,50,0.70241,0.4012,0.955747
