{
  "model": "checkpoint-150",
  "total_prompts": 12077,
  "refused_count": 5022,
  "accepted_count": 7055,
  "refusal_rate": 41.583174629460956,
  "acceptance_rate": 58.41682537053904,
  "safe_prompts_count": 10823,
  "unsafe_prompts_count": 1254,
  "safe_prompts_refused": 3816,
  "unsafe_prompts_refused": 1206,
  "safe_refusal_rate": 35.25824632726601,
  "unsafe_refusal_rate": 96.17224880382776
}