{
  "model_name": "Qwen2.5-7B-Instruct",
  "n_layers": 28,
  "exp5_best_layer": 20,
  "calibration_argmax_layer": 15,
  "layer_aucs": {
    "0": 0.9718093872070312,
    "1": 0.969146728515625,
    "2": 0.9687957763671875,
    "3": 0.972076416015625,
    "4": 0.9763336181640625,
    "5": 0.9727020263671875,
    "6": 0.9728546142578125,
    "7": 0.9749298095703125,
    "8": 0.97613525390625,
    "9": 0.9795379638671875,
    "10": 0.983428955078125,
    "11": 0.990234375,
    "12": 0.989227294921875,
    "13": 0.9960479736328125,
    "14": 0.998870849609375,
    "15": 0.999237060546875,
    "16": 0.99896240234375,
    "17": 0.99725341796875,
    "18": 0.992706298828125,
    "19": 0.9912872314453125,
    "20": 0.989349365234375,
    "21": 0.9847259521484375,
    "22": 0.9842987060546875,
    "23": 0.978118896484375,
    "24": 0.977752685546875,
    "25": 0.967376708984375,
    "26": 0.97021484375,
    "27": 0.9816436767578125
  }
}