{
  "model": "Qwen2.5-3B-Instruct__90-10__checkpoint-20",
  "total_prompts": 12077,
  "refused_count": 1927,
  "accepted_count": 10150,
  "refusal_rate": 15.955949325163536,
  "acceptance_rate": 84.04405067483647,
  "parse_failure_count": 0,
  "parse_failure_rate": 0.0,
  "safe_prompts_count": 10823,
  "unsafe_prompts_count": 1254,
  "safe_prompts_refused": 1091,
  "unsafe_prompts_refused": 836,
  "safe_refusal_rate": 10.080384366626628,
  "unsafe_refusal_rate": 66.66666666666666
}