{
  "model": "checkpoint-200",
  "total_prompts": 12077,
  "refused_count": 12075,
  "accepted_count": 2,
  "refusal_rate": 99.98343959592614,
  "acceptance_rate": 0.016560404073859402,
  "safe_prompts_count": 10823,
  "unsafe_prompts_count": 1254,
  "safe_prompts_refused": 10821,
  "unsafe_prompts_refused": 1254,
  "safe_refusal_rate": 99.98152083525824,
  "unsafe_refusal_rate": 100.0
}